<?xml version="1.0" encoding="UTF-8" standalone="yes"?>

<config xmlns="http://www.hybris.com/cockpit/config"
        xmlns:na="http://www.hybris.com/cockpitng/config/notifications">

    <context merge-by="module" component="editorareaactions" type="Consignment">
        <y:actions xmlns:y="http://www.hybris.com/cockpit/config/hybris">
            <y:group qualifier="common">
                <y:label>actiongroup.common</y:label>
                <y:action action-id="de.hybris.novalnet.backoffice.actions.confirmpickupaction"
                          property="currentObject"/>
            </y:group>
        </y:actions>
    </context>

    <!-- Notification Area-->
    <context component="notification-area">
        <na:notification-area>
            <na:notifications eventType="novalnetbackoffice.confirmpickup.event" level="SUCCESS">
                <na:message>hmc.action.confirmpickup.success</na:message>
            </na:notifications>
        </na:notification-area>
    </context>

    <context merge-by="type" parent="GenericItem" type="BaseStore" component="editor-area">
        <editorArea:editorArea xmlns:editorArea="http://www.hybris.com/cockpitng/component/editorArea">
            <editorArea:tab name="hmc.novalnet">
                <editorArea:section name="hmc.section.globalconfiguration">
                    <editorArea:attribute xmlns="http://www.hybris.com/cockpitng/component/editorArea"
                                          qualifier="novalnetAPIKey"/>
                    <editorArea:attribute xmlns="http://www.hybris.com/cockpitng/component/editorArea"
                                          qualifier="novalnetTariffId"/>
                    <editorArea:attribute xmlns="http://www.hybris.com/cockpitng/component/editorArea"
                                          qualifier="novalnetPaymentAccessKey"/>
                    <editorArea:attribute xmlns="http://www.hybris.com/cockpitng/component/editorArea"
                                          qualifier="novalnetDisplayPayments"/>
                </editorArea:section>
                <editorArea:section name="hmc.section.vendorscriptconfiguration">
                    <editorArea:attribute xmlns="http://www.hybris.com/cockpitng/component/editorArea"
                                          qualifier="novalnetVendorscriptTestMode"/>
                    <editorArea:attribute xmlns="http://www.hybris.com/cockpitng/component/editorArea"
                                          qualifier="novalnetVendorscriptToEmailAddress"/>
                </editorArea:section>
            </editorArea:tab>
        </editorArea:editorArea>
    </context>

</config>
