<?xml version="1.0" encoding="UTF-8"?>
<!--
 Copyright (c) 2019 SAP SE or an SAP affiliate company. All rights reserved.
-->
<beans xmlns="http://www.springframework.org/schema/beans"
	xmlns:xsi="http://www.w3.org/2001/XMLSchema-instance"
	xmlns:context="http://www.springframework.org/schema/context"
	xsi:schemaLocation="http://www.springframework.org/schema/beans
		http://www.springframework.org/schema/beans/spring-beans.xsd
		http://www.springframework.org/schema/context
        http://www.springframework.org/schema/context/spring-context.xsd">
		
	<context:annotation-config/> 
	
	<bean class="org.springframework.beans.factory.config.CustomScopeConfigurer">
	<property name="scopes">
		<map>
			<entry key="tenant" value="de.hybris.platform.spring.TenantScope"/>
		</map>
	</property>
	</bean>

	
	<!-- Load additional configuration -->
<!--
	<import resource="spring-filter-config.xml"/>
-->
	<import resource="novalnetcheckoutaddon-spring-security-config.xml"/>
<!--
	<import resource="spring-mvc-config.xml"/>
	<import resource="classpath:/acceleratorcms/spring/web-spring-context.xml"/>
	<import resource="spring-cms-config.xml"/>
	<import resource="multi-step-checkout-config.xml"/>
	<import resource="classpath*:/accelerator/additional-web-spring-context.xml"/>
-->
	


</beans>
